swab_id,gd,swab_type,state,date,season,species,yoa,pdate,y,month,Ldate,c,ysw,newsite,pdate2
JH15MI0109,1,BAT,MI,2/25/15,hiber_late,MYLU,2015,14.80645161,15,2,2/25/15,1,0,MI_BC,3.64516129
JH15MI0108,1,BAT,MI,2/25/15,hiber_late,MYLU,2015,14.80645161,15,2,2/25/15,1,0,MI_BC,3.64516129
JH15MI0106,1,BAT,MI,2/25/15,hiber_late,MYLU,2015,14.80645161,15,2,2/25/15,1,0,MI_BC,3.64516129
JH15MI0135,1,BAT,MI,2/25/15,hiber_late,MYLU,2015,14.80645161,15,2,2/25/15,1,0,MI_BC,3.64516129
JH15MI0133,0,BAT,MI,2/25/15,hiber_late,MYLU,2015,14.80645161,15,2,2/25/15,1,0,MI_BC,3.64516129
JH15MI0111,1,BAT,MI,2/25/15,hiber_late,MYLU,2015,14.80645161,15,2,2/25/15,1,0,MI_BC,3.64516129
JH15MI0112,1,BAT,MI,2/25/15,hiber_late,MYLU,2015,14.80645161,15,2,2/25/15,1,0,MI_BC,3.64516129
JH15MI0131,1,BAT,MI,2/25/15,hiber_late,MYLU,2015,14.80645161,15,2,2/25/15,1,0,MI_BC,3.64516129
JH14MI088,0,BAT,MI,11/29/14,hiber_earl,MYLU,2015,11.93548387,14,11,11/29/14,1,0,MI_BC,0.774193548
JH15MI0124,1,BAT,MI,2/25/15,hiber_late,MYLU,2015,14.80645161,15,2,2/25/15,1,0,MI_BC,3.64516129
JH15MI0104,1,BAT,MI,2/25/15,hiber_late,MYLU,2015,14.80645161,15,2,2/25/15,1,0,MI_BC,3.64516129
JH14MI108,0,BAT,MI,11/29/14,hiber_earl,MYLU,2015,11.93548387,14,11,11/29/14,1,0,MI_BC,0.774193548
JH15MI0115,1,BAT,MI,2/25/15,hiber_late,MYLU,2015,14.80645161,15,2,2/25/15,1,0,MI_BC,3.64516129
JH14MI107,0,BAT,MI,11/29/14,hiber_earl,MYLU,2015,11.93548387,14,11,11/29/14,1,0,MI_BC,0.774193548
JH14MI091,0,BAT,MI,11/29/14,hiber_earl,MYLU,2015,11.93548387,14,11,11/29/14,1,0,MI_BC,0.774193548
JH14MI105,0,BAT,MI,11/29/14,hiber_earl,MYLU,2015,11.93548387,14,11,11/29/14,1,0,MI_BC,0.774193548
JH14MI106,1,BAT,MI,11/29/14,hiber_earl,MYLU,2015,11.93548387,14,11,11/29/14,1,0,MI_BC,0.774193548
JH15MI0102,1,BAT,MI,2/25/15,hiber_late,MYLU,2015,14.80645161,15,2,2/25/15,1,0,MI_BC,3.64516129
JH14MI098,0,BAT,MI,11/29/14,hiber_earl,MYLU,2015,11.93548387,14,11,11/29/14,1,0,MI_BC,0.774193548
JH14MI085,0,BAT,MI,11/29/14,hiber_earl,MYLU,2015,11.93548387,14,11,11/29/14,1,0,MI_BC,0.774193548
JH14MI100,0,BAT,MI,11/29/14,hiber_earl,MYLU,2015,11.93548387,14,11,11/29/14,1,0,MI_BC,0.774193548
JH14MI093,0,BAT,MI,11/29/14,hiber_earl,MYLU,2015,11.93548387,14,11,11/29/14,1,0,MI_BC,0.774193548
JH14MI097,0,BAT,MI,11/29/14,hiber_earl,MYLU,2015,11.93548387,14,11,11/29/14,1,0,MI_BC,0.774193548
JH14MI083,0,BAT,MI,11/29/14,hiber_earl,MYLU,2015,11.93548387,14,11,11/29/14,1,0,MI_BC,0.774193548
JH14MI096,0,BAT,MI,11/29/14,hiber_earl,MYLU,2015,11.93548387,14,11,11/29/14,1,0,MI_BC,0.774193548
JH15MI0058,1,BAT,MI,2/24/15,hiber_late,MYLU,2015,14.77419355,15,2,2/24/15,1,0,MI_GA,3.612903226
JH14MI046,0,BAT,MI,11/28/14,hiber_earl,MYLU,2015,11.90322581,14,11,11/28/14,1,0,MI_GA,0.741935484
JH14MI044,0,BAT,MI,11/28/14,hiber_earl,MYLU,2015,11.90322581,14,11,11/28/14,1,0,MI_GA,0.741935484
JH15MI0057,1,BAT,MI,2/24/15,hiber_late,MYLU,2015,14.77419355,15,2,2/24/15,1,0,MI_GA,3.612903226
JH15MI0059,1,BAT,MI,2/24/15,hiber_late,MYLU,2015,14.77419355,15,2,2/24/15,1,0,MI_GA,3.612903226
JH14MI051,0,BAT,MI,11/28/14,hiber_earl,MYLU,2015,11.90322581,14,11,11/28/14,1,0,MI_GA,0.741935484
JH14MI052,0,BAT,MI,11/28/14,hiber_earl,MYLU,2015,11.90322581,14,11,11/28/14,1,0,MI_GA,0.741935484
JH15MI0052,1,BAT,MI,2/24/15,hiber_late,MYLU,2015,14.77419355,15,2,2/24/15,1,0,MI_GA,3.612903226
JH15MI0055,1,BAT,MI,2/24/15,hiber_late,MYLU,2015,14.77419355,15,2,2/24/15,1,0,MI_GA,3.612903226
JH14MI041,0,BAT,MI,11/28/14,hiber_earl,MYLU,2015,11.90322581,14,11,11/28/14,1,0,MI_GA,0.741935484
JH15MI0060,1,BAT,MI,2/24/15,hiber_late,MYLU,2015,14.77419355,15,2,2/24/15,1,0,MI_GA,3.612903226
JH15MI0062,0,BAT,MI,2/24/15,hiber_late,MYLU,2015,14.77419355,15,2,2/24/15,1,0,MI_GA,3.612903226
JH15MI0063,1,BAT,MI,2/24/15,hiber_late,MYLU,2015,14.77419355,15,2,2/24/15,1,0,MI_GA,3.612903226
JH14MI053,0,BAT,MI,11/28/14,hiber_earl,MYLU,2015,11.90322581,14,11,11/28/14,1,0,MI_GA,0.741935484
JH15MI0051,1,BAT,MI,2/24/15,hiber_late,MYLU,2015,14.77419355,15,2,2/24/15,1,0,MI_GA,3.612903226
JH14MI042,0,BAT,MI,11/28/14,hiber_earl,MYLU,2015,11.90322581,14,11,11/28/14,1,0,MI_GA,0.741935484
JH14MI050,0,BAT,MI,11/28/14,hiber_earl,MYLU,2015,11.90322581,14,11,11/28/14,1,0,MI_GA,0.741935484
JH15MI0035,1,BAT,MI,2/24/15,hiber_late,MYLU,2015,14.77419355,15,2,2/24/15,1,0,MI_GA,3.612903226
JH15MI0036,1,BAT,MI,2/24/15,hiber_late,MYLU,2015,14.77419355,15,2,2/24/15,1,0,MI_GA,3.612903226
JH14MI036,0,BAT,MI,11/28/14,hiber_earl,MYLU,2015,11.90322581,14,11,11/28/14,1,0,MI_GA,0.741935484
JH14MI040,0,BAT,MI,11/28/14,hiber_earl,MYLU,2015,11.90322581,14,11,11/28/14,1,0,MI_GA,0.741935484
JH15MI0034,1,BAT,MI,2/24/15,hiber_late,MYLU,2015,14.77419355,15,2,2/24/15,1,0,MI_GA,3.612903226
JH15MI0050,1,BAT,MI,2/24/15,hiber_late,MYLU,2015,14.77419355,15,2,2/24/15,1,0,MI_GA,3.612903226
JH14MI034,0,BAT,MI,11/28/14,hiber_earl,MYLU,2015,11.90322581,14,11,11/28/14,1,0,MI_GA,0.741935484
JH15MI0032,1,BAT,MI,2/24/15,hiber_late,MYLU,2015,14.77419355,15,2,2/24/15,1,0,MI_GA,3.612903226
JH14MI035,0,BAT,MI,11/28/14,hiber_earl,MYLU,2015,11.90322581,14,11,11/28/14,1,0,MI_GA,0.741935484
JH14MI032,0,BAT,MI,11/28/14,hiber_earl,MYLU,2015,11.90322581,14,11,11/28/14,1,0,MI_GA,0.741935484
JH15MI0071,1,BAT,MI,2/25/15,hiber_late,MYLU,2015,14.80645161,15,2,2/25/15,1,0,MI_MC,3.64516129
JH15MI0083,1,BAT,MI,2/25/15,hiber_late,MYLU,2015,14.80645161,15,2,2/25/15,1,0,MI_MC,3.64516129
JH14MI063,0,BAT,MI,11/29/14,hiber_earl,MYLU,2015,11.93548387,14,11,11/29/14,1,0,MI_MC,0.774193548
JH15MI0084,1,BAT,MI,2/25/15,hiber_late,MYLU,2015,14.80645161,15,2,2/25/15,1,0,MI_MC,3.64516129
JH15MI0076,1,BAT,MI,2/25/15,hiber_late,MYLU,2015,14.80645161,15,2,2/25/15,1,0,MI_MC,3.64516129
JH15MI0085,1,BAT,MI,2/25/15,hiber_late,MYLU,2015,14.80645161,15,2,2/25/15,1,0,MI_MC,3.64516129
JH15MI0079,1,BAT,MI,2/25/15,hiber_late,MYLU,2015,14.80645161,15,2,2/25/15,1,0,MI_MC,3.64516129
JH14MI061,0,BAT,MI,11/29/14,hiber_earl,MYLU,2015,11.93548387,14,11,11/29/14,1,0,MI_MC,0.774193548
JH15MI0095,1,BAT,MI,2/25/15,hiber_late,MYLU,2015,14.80645161,15,2,2/25/15,1,0,MI_MC,3.64516129
JH14MI081,0,BAT,MI,11/29/14,hiber_earl,MYLU,2015,11.93548387,14,11,11/29/14,1,0,MI_MC,0.774193548
JH14MI060,0,BAT,MI,11/29/14,hiber_earl,MYLU,2015,11.93548387,14,11,11/29/14,1,0,MI_MC,0.774193548
JH14MI080,0,BAT,MI,11/29/14,hiber_earl,MYLU,2015,11.93548387,14,11,11/29/14,1,0,MI_MC,0.774193548
JH15MI0072,1,BAT,MI,2/25/15,hiber_late,MYLU,2015,14.80645161,15,2,2/25/15,1,0,MI_MC,3.64516129
JH15MI0094,1,BAT,MI,2/25/15,hiber_late,MYLU,2015,14.80645161,15,2,2/25/15,1,0,MI_MC,3.64516129
JH14MI078,0,BAT,MI,11/29/14,hiber_earl,MYLU,2015,11.93548387,14,11,11/29/14,1,0,MI_MC,0.774193548
JH14MI077,0,BAT,MI,11/29/14,hiber_earl,MYLU,2015,11.93548387,14,11,11/29/14,1,0,MI_MC,0.774193548
JH15MI0070,1,BAT,MI,2/25/15,hiber_late,MYLU,2015,14.80645161,15,2,2/25/15,1,0,MI_MC,3.64516129
JH14MI065,1,BAT,MI,11/29/14,hiber_earl,MYLU,2015,11.93548387,14,11,11/29/14,1,0,MI_MC,0.774193548
JH15MI0093,1,BAT,MI,2/25/15,hiber_late,MYLU,2015,14.80645161,15,2,2/25/15,1,0,MI_MC,3.64516129
JH15MI0091,1,BAT,MI,2/25/15,hiber_late,MYLU,2015,14.80645161,15,2,2/25/15,1,0,MI_MC,3.64516129
JH14MI079,0,BAT,MI,11/29/14,hiber_earl,MYLU,2015,11.93548387,14,11,11/29/14,1,0,MI_MC,0.774193548
JH15MI0088,1,BAT,MI,2/25/15,hiber_late,MYLU,2015,14.80645161,15,2,2/25/15,1,0,MI_MC,3.64516129
JH15MI0089,1,BAT,MI,2/25/15,hiber_late,MYLU,2015,14.80645161,15,2,2/25/15,1,0,MI_MC,3.64516129
JH14MI069,0,BAT,MI,11/29/14,hiber_earl,MYLU,2015,11.93548387,14,11,11/29/14,1,0,MI_MC,0.774193548
JH14MI068,0,BAT,MI,11/29/14,hiber_earl,MYLU,2015,11.93548387,14,11,11/29/14,1,0,MI_MC,0.774193548
JH14MI067,0,BAT,MI,11/29/14,hiber_earl,MYLU,2015,11.93548387,14,11,11/29/14,1,0,MI_MC,0.774193548
JH14MI066,0,BAT,MI,11/29/14,hiber_earl,MYLU,2015,11.93548387,14,11,11/29/14,1,0,MI_MC,0.774193548
KL16WI0592,0,BAT,WI,11/15/16,hiber_earl,MYLU,2017,11.48387097,16,11,11/15/16,1,0,WI_SP,0.322580645
KL16WI0593,0,BAT,WI,11/15/16,hiber_earl,MYLU,2017,11.48387097,16,11,11/15/16,1,0,WI_SP,0.322580645
KL16WI0594,0,BAT,WI,11/15/16,hiber_earl,MYLU,2017,11.48387097,16,11,11/15/16,1,0,WI_SP,0.322580645
KL16WI0585,0,BAT,WI,11/15/16,hiber_earl,MYLU,2017,11.48387097,16,11,11/15/16,1,0,WI_SP,0.322580645
KL16WI0583,0,BAT,WI,11/15/16,hiber_earl,MYLU,2017,11.48387097,16,11,11/15/16,1,0,WI_SP,0.322580645
KL17WI0109,1,BAT,WI,3/6/17,hiber_late,MYLU,2017,15.19354839,17,3,3/6/17,1,0,WI_SP,4.032258065
KL17WI0107,0,BAT,WI,3/6/17,hiber_late,MYLU,2017,15.19354839,17,3,3/6/17,1,0,WI_SP,4.032258065
KL16WI0598,0,BAT,WI,11/15/16,hiber_earl,MYLU,2017,11.48387097,16,11,11/15/16,1,0,WI_SP,0.322580645
KL17WI0108,1,BAT,WI,3/6/17,hiber_late,MYLU,2017,15.19354839,17,3,3/6/17,1,0,WI_SP,4.032258065
KL17WI0096,1,BAT,WI,3/6/17,hiber_late,MYLU,2017,15.19354839,17,3,3/6/17,1,0,WI_SP,4.032258065
KL16WI0603,0,BAT,WI,11/15/16,hiber_earl,MYLU,2017,11.48387097,16,11,11/15/16,1,0,WI_SP,0.322580645
KL16WI0601,0,BAT,WI,11/15/16,hiber_earl,MYLU,2017,11.48387097,16,11,11/15/16,1,0,WI_SP,0.322580645
KL17WI0095,1,BAT,WI,3/6/17,hiber_late,MYLU,2017,15.19354839,17,3,3/6/17,1,0,WI_SP,4.032258065
KL17WI0094,1,BAT,WI,3/6/17,hiber_late,MYLU,2017,15.19354839,17,3,3/6/17,1,0,WI_SP,4.032258065
KL17WI0110,0,BAT,WI,3/6/17,hiber_late,MYLU,2017,15.19354839,17,3,3/6/17,1,0,WI_SP,4.032258065
KL17WI0115,1,BAT,WI,3/6/17,hiber_late,MYLU,2017,15.19354839,17,3,3/6/17,1,0,WI_SP,4.032258065
KL16WI0607,0,BAT,WI,11/15/16,hiber_earl,MYLU,2017,11.48387097,16,11,11/15/16,1,0,WI_SP,0.322580645
KL16WI0608,0,BAT,WI,11/15/16,hiber_earl,MYLU,2017,11.48387097,16,11,11/15/16,1,0,WI_SP,0.322580645
KL17WI0088,1,BAT,WI,3/6/17,hiber_late,MYLU,2017,15.19354839,17,3,3/6/17,1,0,WI_SP,4.032258065
KL16WI0618,0,BAT,WI,11/15/16,hiber_earl,MYLU,2017,11.48387097,16,11,11/15/16,1,0,WI_SP,0.322580645
KL17WI0097,0,BAT,WI,3/6/17,hiber_late,MYLU,2017,15.19354839,17,3,3/6/17,1,0,WI_SP,4.032258065
KL17WI0112,0,BAT,WI,3/6/17,hiber_late,MYLU,2017,15.19354839,17,3,3/6/17,1,0,WI_SP,4.032258065
KL16WI0609,0,BAT,WI,11/15/16,hiber_earl,MYLU,2017,11.48387097,16,11,11/15/16,1,0,WI_SP,0.322580645
KL16WI0613,0,BAT,WI,11/15/16,hiber_earl,MYLU,2017,11.48387097,16,11,11/15/16,1,0,WI_SP,0.322580645
KL16WI0614,0,BAT,WI,11/15/16,hiber_earl,MYLU,2017,11.48387097,16,11,11/15/16,1,0,WI_SP,0.322580645
KL17WI0089,0,BAT,WI,3/6/17,hiber_late,MYLU,2017,15.19354839,17,3,3/6/17,1,0,WI_SP,4.032258065
KL17WI0129,0,BAT,WI,3/6/17,hiber_late,MYLU,2017,15.19354839,17,3,3/6/17,1,0,WI_SP,4.032258065
KL16WI0615,0,BAT,WI,11/15/16,hiber_earl,MYLU,2017,11.48387097,16,11,11/15/16,1,0,WI_SP,0.322580645
KL17WI0131,0,BAT,WI,3/6/17,hiber_late,MYLU,2017,15.19354839,17,3,3/6/17,1,0,WI_SP,4.032258065
KL17WI0091,1,BAT,WI,3/6/17,hiber_late,MYLU,2017,15.19354839,17,3,3/6/17,1,0,WI_SP,4.032258065
KL17WI0098,0,BAT,WI,3/6/17,hiber_late,MYLU,2017,15.19354839,17,3,3/6/17,1,0,WI_SP,4.032258065
KL17WI0084,1,BAT,WI,3/6/17,hiber_late,MYLU,2017,15.19354839,17,3,3/6/17,1,0,WI_SP,4.032258065
KL17WI0130,1,BAT,WI,3/6/17,hiber_late,MYLU,2017,15.19354839,17,3,3/6/17,1,0,WI_SP,4.032258065
KL16WI0616,0,BAT,WI,11/15/16,hiber_earl,MYLU,2017,11.48387097,16,11,11/15/16,1,0,WI_SP,0.322580645
KL16WI0617,0,BAT,WI,11/15/16,hiber_earl,MYLU,2017,11.48387097,16,11,11/15/16,1,0,WI_SP,0.322580645
KL17WI0099,1,BAT,WI,3/6/17,hiber_late,MYLU,2017,15.19354839,17,3,3/6/17,1,0,WI_SP,4.032258065
KL17WI0083,1,BAT,WI,3/6/17,hiber_late,MYLU,2017,15.19354839,17,3,3/6/17,1,0,WI_SP,4.032258065
KL16WI0612,0,BAT,WI,11/15/16,hiber_earl,MYLU,2017,11.48387097,16,11,11/15/16,1,0,WI_SP,0.322580645
KL17WI0126,1,BAT,WI,3/6/17,hiber_late,MYLU,2017,15.19354839,17,3,3/6/17,1,0,WI_SP,4.032258065
KL17WI0118,0,BAT,WI,3/6/17,hiber_late,MYLU,2017,15.19354839,17,3,3/6/17,1,0,WI_SP,4.032258065
KL17WI0125,0,BAT,WI,3/6/17,hiber_late,MYLU,2017,15.19354839,17,3,3/6/17,1,0,WI_SP,4.032258065
KL17WI0132,1,BAT,WI,3/6/17,hiber_late,MYLU,2017,15.19354839,17,3,3/6/17,1,0,WI_SP,4.032258065
KL16WI0611,0,BAT,WI,11/15/16,hiber_earl,MYLU,2017,11.48387097,16,11,11/15/16,1,0,WI_SP,0.322580645
KL16WI0610,0,BAT,WI,11/15/16,hiber_earl,MYLU,2017,11.48387097,16,11,11/15/16,1,0,WI_SP,0.322580645
KL17WI0081,0,BAT,WI,3/6/17,hiber_late,MYLU,2017,15.19354839,17,3,3/6/17,1,0,WI_SP,4.032258065
KL17WI0121,0,BAT,WI,3/6/17,hiber_late,MYLU,2017,15.19354839,17,3,3/6/17,1,0,WI_SP,4.032258065
KL17WI0138,1,BAT,WI,3/6/17,hiber_late,MYLU,2017,15.19354839,17,3,3/6/17,1,0,WI_SP,4.032258065
KL15WI0438,1,BAT,WI,3/11/15,hiber_late,MYLU,2015,15.35483871,15,3,3/11/15,1,0,WI_SJ,4.193548387
KL15WI0442,0,BAT,WI,3/11/15,hiber_late,MYLU,2015,15.35483871,15,3,3/11/15,1,0,WI_SJ,4.193548387
KL15WI0441,1,BAT,WI,3/11/15,hiber_late,MYLU,2015,15.35483871,15,3,3/11/15,1,0,WI_SJ,4.193548387
KL14WI1052,0,BAT,WI,11/17/14,hiber_earl,MYLU,2015,11.5483871,14,11,11/17/14,1,0,WI_SJ,0.387096774
KL14WI1031,0,BAT,WI,11/17/14,hiber_earl,MYLU,2015,11.5483871,14,11,11/17/14,1,0,WI_SJ,0.387096774
KL15WI0439,1,BAT,WI,3/11/15,hiber_late,MYLU,2015,15.35483871,15,3,3/11/15,1,0,WI_SJ,4.193548387
KL14WI1055,0,BAT,WI,11/17/14,hiber_earl,MYLU,2015,11.5483871,14,11,11/17/14,1,0,WI_SJ,0.387096774
KL15WI0440,1,BAT,WI,3/11/15,hiber_late,MYLU,2015,15.35483871,15,3,3/11/15,1,0,WI_SJ,4.193548387
KL15WI0436,0,BAT,WI,3/11/15,hiber_late,MYLU,2015,15.35483871,15,3,3/11/15,1,0,WI_SJ,4.193548387
KL14WI1057,0,BAT,WI,11/17/14,hiber_earl,MYLU,2015,11.5483871,14,11,11/17/14,1,0,WI_SJ,0.387096774
KL14WI1053,0,BAT,WI,11/17/14,hiber_earl,MYLU,2015,11.5483871,14,11,11/17/14,1,0,WI_SJ,0.387096774
KL14WI1058,0,BAT,WI,11/17/14,hiber_earl,MYLU,2015,11.5483871,14,11,11/17/14,1,0,WI_SJ,0.387096774
KL14WI1047,0,BAT,WI,11/17/14,hiber_earl,MYLU,2015,11.5483871,14,11,11/17/14,1,0,WI_SJ,0.387096774
KL14WI1051,0,BAT,WI,11/17/14,hiber_earl,MYLU,2015,11.5483871,14,11,11/17/14,1,0,WI_SJ,0.387096774
KL14WI1054,0,BAT,WI,11/17/14,hiber_earl,MYLU,2015,11.5483871,14,11,11/17/14,1,0,WI_SJ,0.387096774
KL15WI0437,1,BAT,WI,3/11/15,hiber_late,MYLU,2015,15.35483871,15,3,3/11/15,1,0,WI_SJ,4.193548387
KL14WI1056,0,BAT,WI,11/17/14,hiber_earl,MYLU,2015,11.5483871,14,11,11/17/14,1,0,WI_SJ,0.387096774
KL15WI0435,1,BAT,WI,3/11/15,hiber_late,MYLU,2015,15.35483871,15,3,3/11/15,1,0,WI_SJ,4.193548387
KL14WI1049,0,BAT,WI,11/17/14,hiber_earl,MYLU,2015,11.5483871,14,11,11/17/14,1,0,WI_SJ,0.387096774
KL14WI1046,0,BAT,WI,11/17/14,hiber_earl,MYLU,2015,11.5483871,14,11,11/17/14,1,0,WI_SJ,0.387096774
KL14WI1036,0,BAT,WI,11/17/14,hiber_earl,MYLU,2015,11.5483871,14,11,11/17/14,1,0,WI_SJ,0.387096774
KL14WI1035,0,BAT,WI,11/17/14,hiber_earl,MYLU,2015,11.5483871,14,11,11/17/14,1,0,WI_SJ,0.387096774
KL15WI0416,0,BAT,WI,3/11/15,hiber_late,MYLU,2015,15.35483871,15,3,3/11/15,1,0,WI_SJ,4.193548387
KL15WI0415,0,BAT,WI,3/11/15,hiber_late,MYLU,2015,15.35483871,15,3,3/11/15,1,0,WI_SJ,4.193548387
KL14WI1034,0,BAT,WI,11/17/14,hiber_earl,MYLU,2015,11.5483871,14,11,11/17/14,1,0,WI_SJ,0.387096774
KL15WI0430,0,BAT,WI,3/11/15,hiber_late,MYLU,2015,15.35483871,15,3,3/11/15,1,0,WI_SJ,4.193548387
KL14WI1045,0,BAT,WI,11/17/14,hiber_earl,MYLU,2015,11.5483871,14,11,11/17/14,1,0,WI_SJ,0.387096774
KL14WI1038,0,BAT,WI,11/17/14,hiber_earl,MYLU,2015,11.5483871,14,11,11/17/14,1,0,WI_SJ,0.387096774
KL15WI0428,0,BAT,WI,3/11/15,hiber_late,MYLU,2015,15.35483871,15,3,3/11/15,1,0,WI_SJ,4.193548387
KL14WI1037,0,BAT,WI,11/17/14,hiber_earl,MYLU,2015,11.5483871,14,11,11/17/14,1,0,WI_SJ,0.387096774
KL15WI0427,1,BAT,WI,3/11/15,hiber_late,MYLU,2015,15.35483871,15,3,3/11/15,1,0,WI_SJ,4.193548387
KL15WI0421,0,BAT,WI,3/11/15,hiber_late,MYLU,2015,15.35483871,15,3,3/11/15,1,0,WI_SJ,4.193548387
KL15WI0426,1,BAT,WI,3/11/15,hiber_late,MYLU,2015,15.35483871,15,3,3/11/15,1,0,WI_SJ,4.193548387
KL14WI1040,0,BAT,WI,11/17/14,hiber_earl,MYLU,2015,11.5483871,14,11,11/17/14,1,0,WI_SJ,0.387096774
KL14WI1044,0,BAT,WI,11/17/14,hiber_earl,MYLU,2015,11.5483871,14,11,11/17/14,1,0,WI_SJ,0.387096774
KL15WI0419,1,BAT,WI,3/11/15,hiber_late,MYLU,2015,15.35483871,15,3,3/11/15,1,0,WI_SJ,4.193548387
KL15WI0418,0,BAT,WI,3/11/15,hiber_late,MYLU,2015,15.35483871,15,3,3/11/15,1,0,WI_SJ,4.193548387
KL15WI0414,0,BAT,WI,3/11/15,hiber_late,MYLU,2015,15.35483871,15,3,3/11/15,1,0,WI_SJ,4.193548387
KL14WI1067,0,BAT,WI,11/17/14,hiber_earl,MYLU,2015,11.5483871,14,11,11/17/14,1,0,WI_SJ,0.387096774
KL15WI0422,1,BAT,WI,3/11/15,hiber_late,MYLU,2015,15.35483871,15,3,3/11/15,1,0,WI_SJ,4.193548387
KL15WI0417,1,BAT,WI,3/11/15,hiber_late,MYLU,2015,15.35483871,15,3,3/11/15,1,0,WI_SJ,4.193548387
JH15MI0266,1,BAT,MI,11/5/15,hiber_earl,MYLU,2016,11.16129032,15,11,11/5/15,1,0,MI_TM,0
JH16MI0123,1,BAT,MI,3/5/16,hiber_late,MYLU,2016,15.16129032,16,3,3/5/16,1,0,MI_TM,4
JH15MI0241,0,BAT,MI,11/5/15,hiber_earl,MYLU,2016,11.16129032,15,11,11/5/15,1,0,MI_TM,0
JH16MI0122,1,BAT,MI,3/5/16,hiber_late,MYLU,2016,15.16129032,16,3,3/5/16,1,0,MI_TM,4
JH15MI0243,0,BAT,MI,11/5/15,hiber_earl,MYLU,2016,11.16129032,15,11,11/5/15,1,0,MI_TM,0
JH16MI0121,1,BAT,MI,3/5/16,hiber_late,MYLU,2016,15.16129032,16,3,3/5/16,1,0,MI_TM,4
JH15MI0268,0,BAT,MI,11/5/15,hiber_earl,MYLU,2016,11.16129032,15,11,11/5/15,1,0,MI_TM,0
JH16MI0124,1,BAT,MI,3/5/16,hiber_late,MYLU,2016,15.16129032,16,3,3/5/16,1,0,MI_TM,4
JH15MI0244,0,BAT,MI,11/5/15,hiber_earl,MYLU,2016,11.16129032,15,11,11/5/15,1,0,MI_TM,0
JH16MI0137,1,BAT,MI,3/5/16,hiber_late,MYLU,2016,15.16129032,16,3,3/5/16,1,0,MI_TM,4
JH16MI0119,1,BAT,MI,3/5/16,hiber_late,MYLU,2016,15.16129032,16,3,3/5/16,1,0,MI_TM,4
JH15MI0265,0,BAT,MI,11/5/15,hiber_earl,MYLU,2016,11.16129032,15,11,11/5/15,1,0,MI_TM,0
JH15MI0267,0,BAT,MI,11/5/15,hiber_earl,MYLU,2016,11.16129032,15,11,11/5/15,1,0,MI_TM,0
JH16MI0136,1,BAT,MI,3/5/16,hiber_late,MYLU,2016,15.16129032,16,3,3/5/16,1,0,MI_TM,4
JH15MI0253,0,BAT,MI,11/5/15,hiber_earl,MYLU,2016,11.16129032,15,11,11/5/15,1,0,MI_TM,0
JH16MI0120,0,BAT,MI,3/5/16,hiber_late,MYLU,2016,15.16129032,16,3,3/5/16,1,0,MI_TM,4
JH15MI0262,0,BAT,MI,11/5/15,hiber_earl,MYLU,2016,11.16129032,15,11,11/5/15,1,0,MI_TM,0
JH16MI0125,1,BAT,MI,3/5/16,hiber_late,MYLU,2016,15.16129032,16,3,3/5/16,1,0,MI_TM,4
JH16MI0126,1,BAT,MI,3/5/16,hiber_late,MYLU,2016,15.16129032,16,3,3/5/16,1,0,MI_TM,4
JH16MI0135,1,BAT,MI,3/5/16,hiber_late,MYLU,2016,15.16129032,16,3,3/5/16,1,0,MI_TM,4
JH15MI0252,0,BAT,MI,11/5/15,hiber_earl,MYLU,2016,11.16129032,15,11,11/5/15,1,0,MI_TM,0
JH15MI0254,1,BAT,MI,11/5/15,hiber_earl,MYLU,2016,11.16129032,15,11,11/5/15,1,0,MI_TM,0
JH15MI0256,0,BAT,MI,11/5/15,hiber_earl,MYLU,2016,11.16129032,15,11,11/5/15,1,0,MI_TM,0
JH15MI0260,1,BAT,MI,11/5/15,hiber_earl,MYLU,2016,11.16129032,15,11,11/5/15,1,0,MI_TM,0
JH15MI0249,0,BAT,MI,11/5/15,hiber_earl,MYLU,2016,11.16129032,15,11,11/5/15,1,0,MI_TM,0
JH15MI0250,0,BAT,MI,11/5/15,hiber_earl,MYLU,2016,11.16129032,15,11,11/5/15,1,0,MI_TM,0
JH15MI0251,1,BAT,MI,11/5/15,hiber_earl,MYLU,2016,11.16129032,15,11,11/5/15,1,0,MI_TM,0
JH15MI0257,1,BAT,MI,11/5/15,hiber_earl,MYLU,2016,11.16129032,15,11,11/5/15,1,0,MI_TM,0
JH16MI0133,1,BAT,MI,3/5/16,hiber_late,MYLU,2016,15.16129032,16,3,3/5/16,1,0,MI_TM,4
JH16MI0116,1,BAT,MI,3/5/16,hiber_late,MYLU,2016,15.16129032,16,3,3/5/16,1,0,MI_TM,4
JH15MI0263,0,BAT,MI,11/5/15,hiber_earl,MYLU,2016,11.16129032,15,11,11/5/15,1,0,MI_TM,0
JH15MI0248,0,BAT,MI,11/5/15,hiber_earl,MYLU,2016,11.16129032,15,11,11/5/15,1,0,MI_TM,0
JH16MI0117,1,BAT,MI,3/5/16,hiber_late,MYLU,2016,15.16129032,16,3,3/5/16,1,0,MI_TM,4
JH16MI0127,1,BAT,MI,3/5/16,hiber_late,MYLU,2016,15.16129032,16,3,3/5/16,1,0,MI_TM,4
JH15MI0255,1,BAT,MI,11/5/15,hiber_earl,MYLU,2016,11.16129032,15,11,11/5/15,1,0,MI_TM,0
JH16MI0132,1,BAT,MI,3/5/16,hiber_late,MYLU,2016,15.16129032,16,3,3/5/16,1,0,MI_TM,4
JH16MI0130,1,BAT,MI,3/5/16,hiber_late,MYLU,2016,15.16129032,16,3,3/5/16,1,0,MI_TM,4
JH16MI0131,1,BAT,MI,3/5/16,hiber_late,MYLU,2016,15.16129032,16,3,3/5/16,1,0,MI_TM,4
JH16MI0129,1,BAT,MI,3/5/16,hiber_late,MYLU,2016,15.16129032,16,3,3/5/16,1,0,MI_TM,4
JH16MI0114,1,BAT,MI,3/5/16,hiber_late,MYLU,2016,15.16129032,16,3,3/5/16,1,0,MI_TM,4
JH14MI087,0,BAT,MI,11/29/14,hiber_earl,MYSE,2015,11.93548387,14,11,11/29/14,1,0,MI_BC,0.774193548
JH15MI0127,1,BAT,MI,2/25/15,hiber_late,MYSE,2015,14.80645161,15,2,2/25/15,1,0,MI_BC,3.64516129
JH15MI0134,1,BAT,MI,2/25/15,hiber_late,MYSE,2015,14.80645161,15,2,2/25/15,1,0,MI_BC,3.64516129
JH15MI0114,1,BAT,MI,2/25/15,hiber_late,MYSE,2015,14.80645161,15,2,2/25/15,1,0,MI_BC,3.64516129
JH15MI0110,1,BAT,MI,2/25/15,hiber_late,MYSE,2015,14.80645161,15,2,2/25/15,1,0,MI_BC,3.64516129
JH15MI0113,1,BAT,MI,2/25/15,hiber_late,MYSE,2015,14.80645161,15,2,2/25/15,1,0,MI_BC,3.64516129
JH14MI086,0,BAT,MI,11/29/14,hiber_earl,MYSE,2015,11.93548387,14,11,11/29/14,1,0,MI_BC,0.774193548
JH15MI0103,1,BAT,MI,2/25/15,hiber_late,MYSE,2015,14.80645161,15,2,2/25/15,1,0,MI_BC,3.64516129
JH15MI0118,1,BAT,MI,2/25/15,hiber_late,MYSE,2015,14.80645161,15,2,2/25/15,1,0,MI_BC,3.64516129
JH15MI0122,1,BAT,MI,2/25/15,hiber_late,MYSE,2015,14.80645161,15,2,2/25/15,1,0,MI_BC,3.64516129
JH15MI0123,1,BAT,MI,2/25/15,hiber_late,MYSE,2015,14.80645161,15,2,2/25/15,1,0,MI_BC,3.64516129
JH15MI0125,1,BAT,MI,2/25/15,hiber_late,MYSE,2015,14.80645161,15,2,2/25/15,1,0,MI_BC,3.64516129
JH14MI089,0,BAT,MI,11/29/14,hiber_earl,MYSE,2015,11.93548387,14,11,11/29/14,1,0,MI_BC,0.774193548
JH14MI099,0,BAT,MI,11/29/14,hiber_earl,MYSE,2015,11.93548387,14,11,11/29/14,1,0,MI_BC,0.774193548
JH15MI0101,1,BAT,MI,2/25/15,hiber_late,MYSE,2015,14.80645161,15,2,2/25/15,1,0,MI_BC,3.64516129
JH14MI092,0,BAT,MI,11/29/14,hiber_earl,MYSE,2015,11.93548387,14,11,11/29/14,1,0,MI_BC,0.774193548
JH14MI103,0,BAT,MI,11/29/14,hiber_earl,MYSE,2015,11.93548387,14,11,11/29/14,1,0,MI_BC,0.774193548
JH14MI101,0,BAT,MI,11/29/14,hiber_earl,MYSE,2015,11.93548387,14,11,11/29/14,1,0,MI_BC,0.774193548
JH14MI102,0,BAT,MI,11/29/14,hiber_earl,MYSE,2015,11.93548387,14,11,11/29/14,1,0,MI_BC,0.774193548
JH14MI082,1,BAT,MI,11/29/14,hiber_earl,MYSE,2015,11.93548387,14,11,11/29/14,1,0,MI_BC,0.774193548
JH14MI084,0,BAT,MI,11/29/14,hiber_earl,MYSE,2015,11.93548387,14,11,11/29/14,1,0,MI_BC,0.774193548
JH14MI090,0,BAT,MI,11/29/14,hiber_earl,MYSE,2015,11.93548387,14,11,11/29/14,1,0,MI_BC,0.774193548
JH14MI094,0,BAT,MI,11/29/14,hiber_earl,MYSE,2015,11.93548387,14,11,11/29/14,1,0,MI_BC,0.774193548
JH14MI095,0,BAT,MI,11/29/14,hiber_earl,MYSE,2015,11.93548387,14,11,11/29/14,1,0,MI_BC,0.774193548
JH14MI045,0,BAT,MI,11/28/14,hiber_earl,MYSE,2015,11.90322581,14,11,11/28/14,1,0,MI_GA,0.741935484
JH14MI047,0,BAT,MI,11/28/14,hiber_earl,MYSE,2015,11.90322581,14,11,11/28/14,1,0,MI_GA,0.741935484
JH15MI0065,1,BAT,MI,2/24/15,hiber_late,MYSE,2015,14.77419355,15,2,2/24/15,1,0,MI_GA,3.612903226
JH15MI0067,1,BAT,MI,2/24/15,hiber_late,MYSE,2015,14.77419355,15,2,2/24/15,1,0,MI_GA,3.612903226
JH15MI0068,1,BAT,MI,2/24/15,hiber_late,MYSE,2015,14.77419355,15,2,2/24/15,1,0,MI_GA,3.612903226
JH15MI0054,0,BAT,MI,2/24/15,hiber_late,MYSE,2015,14.77419355,15,2,2/24/15,1,0,MI_GA,3.612903226
JH14MI043,0,BAT,MI,11/28/14,hiber_earl,MYSE,2015,11.90322581,14,11,11/28/14,1,0,MI_GA,0.741935484
JH15MI0066,1,BAT,MI,2/24/15,hiber_late,MYSE,2015,14.77419355,15,2,2/24/15,1,0,MI_GA,3.612903226
JH14MI055,0,BAT,MI,11/28/14,hiber_earl,MYSE,2015,11.90322581,14,11,11/28/14,1,0,MI_GA,0.741935484
JH15MI0053,1,BAT,MI,2/24/15,hiber_late,MYSE,2015,14.77419355,15,2,2/24/15,1,0,MI_GA,3.612903226
JH14MI049,0,BAT,MI,11/28/14,hiber_earl,MYSE,2015,11.90322581,14,11,11/28/14,1,0,MI_GA,0.741935484
JH15MI0040,0,BAT,MI,2/24/15,hiber_late,MYSE,2015,14.77419355,15,2,2/24/15,1,0,MI_GA,3.612903226
JH15MI0043,1,BAT,MI,2/24/15,hiber_late,MYSE,2015,14.77419355,15,2,2/24/15,1,0,MI_GA,3.612903226
JH14MI048,0,BAT,MI,11/28/14,hiber_earl,MYSE,2015,11.90322581,14,11,11/28/14,1,0,MI_GA,0.741935484
JH15MI0064,1,BAT,MI,2/24/15,hiber_late,MYSE,2015,14.77419355,15,2,2/24/15,1,0,MI_GA,3.612903226
JH15MI0033,1,BAT,MI,2/24/15,hiber_late,MYSE,2015,14.77419355,15,2,2/24/15,1,0,MI_GA,3.612903226
JH15MI0037,1,BAT,MI,2/24/15,hiber_late,MYSE,2015,14.77419355,15,2,2/24/15,1,0,MI_GA,3.612903226
JH14MI037,0,BAT,MI,11/28/14,hiber_earl,MYSE,2015,11.90322581,14,11,11/28/14,1,0,MI_GA,0.741935484
JH14MI038,0,BAT,MI,11/28/14,hiber_earl,MYSE,2015,11.90322581,14,11,11/28/14,1,0,MI_GA,0.741935484
JH14MI039,0,BAT,MI,11/28/14,hiber_earl,MYSE,2015,11.90322581,14,11,11/28/14,1,0,MI_GA,0.741935484
JH15MI0061,1,BAT,MI,2/24/15,hiber_late,MYSE,2015,14.77419355,15,2,2/24/15,1,0,MI_GA,3.612903226
JH15MI0046,0,BAT,MI,2/24/15,hiber_late,MYSE,2015,14.77419355,15,2,2/24/15,1,0,MI_GA,3.612903226
JH15MI0031,0,BAT,MI,2/24/15,hiber_late,MYSE,2015,14.77419355,15,2,2/24/15,1,0,MI_GA,3.612903226
JH15MI0045,0,BAT,MI,2/24/15,hiber_late,MYSE,2015,14.77419355,15,2,2/24/15,1,0,MI_GA,3.612903226
JH14MI033,0,BAT,MI,11/28/14,hiber_earl,MYSE,2015,11.90322581,14,11,11/28/14,1,0,MI_GA,0.741935484
JH15MI0049,1,BAT,MI,2/24/15,hiber_late,MYSE,2015,14.77419355,15,2,2/24/15,1,0,MI_GA,3.612903226
JH14MI031,0,BAT,MI,11/28/14,hiber_earl,MYSE,2015,11.90322581,14,11,11/28/14,1,0,MI_GA,0.741935484
JH14MI029,0,BAT,MI,11/28/14,hiber_earl,MYSE,2015,11.90322581,14,11,11/28/14,1,0,MI_GA,0.741935484
JH14MI030,0,BAT,MI,11/28/14,hiber_earl,MYSE,2015,11.90322581,14,11,11/28/14,1,0,MI_GA,0.741935484
JH15MI0097,1,BAT,MI,2/25/15,hiber_late,MYSE,2015,14.80645161,15,2,2/25/15,1,0,MI_MC,3.64516129
JH14MI057,1,BAT,MI,11/29/14,hiber_earl,MYSE,2015,11.93548387,14,11,11/29/14,1,0,MI_MC,0.774193548
JH14MI058,0,BAT,MI,11/29/14,hiber_earl,MYSE,2015,11.93548387,14,11,11/29/14,1,0,MI_MC,0.774193548
JH15MI0081,0,BAT,MI,2/25/15,hiber_late,MYSE,2015,14.80645161,15,2,2/25/15,1,0,MI_MC,3.64516129
JH14MI062,0,BAT,MI,11/29/14,hiber_earl,MYSE,2015,11.93548387,14,11,11/29/14,1,0,MI_MC,0.774193548
JH15MI0074,1,BAT,MI,2/25/15,hiber_late,MYSE,2015,14.80645161,15,2,2/25/15,1,0,MI_MC,3.64516129
JH15MI0080,1,BAT,MI,2/25/15,hiber_late,MYSE,2015,14.80645161,15,2,2/25/15,1,0,MI_MC,3.64516129
JH15MI0073,1,BAT,MI,2/25/15,hiber_late,MYSE,2015,14.80645161,15,2,2/25/15,1,0,MI_MC,3.64516129
JH14MI059,0,BAT,MI,11/29/14,hiber_earl,MYSE,2015,11.93548387,14,11,11/29/14,1,0,MI_MC,0.774193548
JH15MI0069,1,BAT,MI,2/25/15,hiber_late,MYSE,2015,14.80645161,15,2,2/25/15,1,0,MI_MC,3.64516129
JH14MI056,0,BAT,MI,11/29/14,hiber_earl,MYSE,2015,11.93548387,14,11,11/29/14,1,0,MI_MC,0.774193548
JH14MI064,0,BAT,MI,11/29/14,hiber_earl,MYSE,2015,11.93548387,14,11,11/29/14,1,0,MI_MC,0.774193548
JH15MI0099,1,BAT,MI,2/25/15,hiber_late,MYSE,2015,14.80645161,15,2,2/25/15,1,0,MI_MC,3.64516129
JH15MI0086,1,BAT,MI,2/25/15,hiber_late,MYSE,2015,14.80645161,15,2,2/25/15,1,0,MI_MC,3.64516129
JH15MI0087,1,BAT,MI,2/25/15,hiber_late,MYSE,2015,14.80645161,15,2,2/25/15,1,0,MI_MC,3.64516129
JH14MI075,0,BAT,MI,11/29/14,hiber_earl,MYSE,2015,11.93548387,14,11,11/29/14,1,0,MI_MC,0.774193548
JH14MI076,0,BAT,MI,11/29/14,hiber_earl,MYSE,2015,11.93548387,14,11,11/29/14,1,0,MI_MC,0.774193548
JH15MI0092,1,BAT,MI,2/25/15,hiber_late,MYSE,2015,14.80645161,15,2,2/25/15,1,0,MI_MC,3.64516129
JH15MI0090,1,BAT,MI,2/25/15,hiber_late,MYSE,2015,14.80645161,15,2,2/25/15,1,0,MI_MC,3.64516129
JH14MI074,0,BAT,MI,11/29/14,hiber_earl,MYSE,2015,11.93548387,14,11,11/29/14,1,0,MI_MC,0.774193548
JH14MI073,0,BAT,MI,11/29/14,hiber_earl,MYSE,2015,11.93548387,14,11,11/29/14,1,0,MI_MC,0.774193548
JH14MI070,0,BAT,MI,11/29/14,hiber_earl,MYSE,2015,11.93548387,14,11,11/29/14,1,0,MI_MC,0.774193548
JH14MI072,0,BAT,MI,11/29/14,hiber_earl,MYSE,2015,11.93548387,14,11,11/29/14,1,0,MI_MC,0.774193548
JH14MI071,0,BAT,MI,11/29/14,hiber_earl,MYSE,2015,11.93548387,14,11,11/29/14,1,0,MI_MC,0.774193548
KL16WI0581,0,BAT,WI,11/15/16,hiber_earl,MYSE,2017,11.48387097,16,11,11/15/16,1,0,WI_SP,0.322580645
KL16WI0597,0,BAT,WI,11/15/16,hiber_earl,MYSE,2017,11.48387097,16,11,11/15/16,1,0,WI_SP,0.322580645
KL16WI0596,0,BAT,WI,11/15/16,hiber_earl,MYSE,2017,11.48387097,16,11,11/15/16,1,0,WI_SP,0.322580645
KL16WI0588,0,BAT,WI,11/15/16,hiber_earl,MYSE,2017,11.48387097,16,11,11/15/16,1,0,WI_SP,0.322580645
KL16WI0584,0,BAT,WI,11/15/16,hiber_earl,MYSE,2017,11.48387097,16,11,11/15/16,1,0,WI_SP,0.322580645
KL16WI0599,0,BAT,WI,11/15/16,hiber_earl,MYSE,2017,11.48387097,16,11,11/15/16,1,0,WI_SP,0.322580645
KL17WI0087,1,BAT,WI,3/6/17,hiber_late,MYSE,2017,15.19354839,17,3,3/6/17,1,0,WI_SP,4.032258065
KL16WI0602,0,BAT,WI,11/15/16,hiber_earl,MYSE,2017,11.48387097,16,11,11/15/16,1,0,WI_SP,0.322580645
KL17WI0086,1,BAT,WI,3/6/17,hiber_late,MYSE,2017,15.19354839,17,3,3/6/17,1,0,WI_SP,4.032258065
KL16WI0624,0,BAT,WI,11/15/16,hiber_earl,MYSE,2017,11.48387097,16,11,11/15/16,1,0,WI_SP,0.322580645
KL17WI0085,1,BAT,WI,3/6/17,hiber_late,MYSE,2017,15.19354839,17,3,3/6/17,1,0,WI_SP,4.032258065
KL17WI0101,0,BAT,WI,3/6/17,hiber_late,MYSE,2017,15.19354839,17,3,3/6/17,1,0,WI_SP,4.032258065
KL16WI0623,0,BAT,WI,11/15/16,hiber_earl,MYSE,2017,11.48387097,16,11,11/15/16,1,0,WI_SP,0.322580645
KL14WI1048,0,BAT,WI,11/17/14,hiber_earl,MYSE,2015,11.5483871,14,11,11/17/14,1,0,WI_SJ,0.387096774
JH15MI0240,0,BAT,MI,11/5/15,hiber_earl,MYSE,2016,11.16129032,15,11,11/5/15,1,0,MI_TM,0
JH15MI0242,0,BAT,MI,11/5/15,hiber_earl,MYSE,2016,11.16129032,15,11,11/5/15,1,0,MI_TM,0
JH15MI0245,0,BAT,MI,11/5/15,hiber_earl,MYSE,2016,11.16129032,15,11,11/5/15,1,0,MI_TM,0
JH15MI0239,0,BAT,MI,11/5/15,hiber_earl,MYSE,2016,11.16129032,15,11,11/5/15,1,0,MI_TM,0
JH15MI0246,0,BAT,MI,11/5/15,hiber_earl,MYSE,2016,11.16129032,15,11,11/5/15,1,0,MI_TM,0
JH15MI0259,0,BAT,MI,11/5/15,hiber_earl,MYSE,2016,11.16129032,15,11,11/5/15,1,0,MI_TM,0
JH16MI0134,1,BAT,MI,3/5/16,hiber_late,MYSE,2016,15.16129032,16,3,3/5/16,1,0,MI_TM,4
JH15MI0235,0,BAT,MI,11/5/15,hiber_earl,MYSE,2016,11.16129032,15,11,11/5/15,1,0,MI_TM,0
JH15MI0237,0,BAT,MI,11/5/15,hiber_earl,MYSE,2016,11.16129032,15,11,11/5/15,1,0,MI_TM,0
JH15MI0261,0,BAT,MI,11/5/15,hiber_earl,MYSE,2016,11.16129032,15,11,11/5/15,1,0,MI_TM,0
JH16MI0128,1,BAT,MI,3/5/16,hiber_late,MYSE,2016,15.16129032,16,3,3/5/16,1,0,MI_TM,4
JH15MI0229,0,BAT,MI,11/5/15,hiber_earl,MYSE,2016,11.16129032,15,11,11/5/15,1,0,MI_TM,0
JH15MI0258,0,BAT,MI,11/5/15,hiber_earl,MYSE,2016,11.16129032,15,11,11/5/15,1,0,MI_TM,0
JH15MI0238,0,BAT,MI,11/5/15,hiber_earl,MYSE,2016,11.16129032,15,11,11/5/15,1,0,MI_TM,0
JH15MI0234,0,BAT,MI,11/5/15,hiber_earl,MYSE,2016,11.16129032,15,11,11/5/15,1,0,MI_TM,0
JH15MI0236,1,BAT,MI,11/5/15,hiber_earl,MYSE,2016,11.16129032,15,11,11/5/15,1,0,MI_TM,0
JH15MI0231,0,BAT,MI,11/5/15,hiber_earl,MYSE,2016,11.16129032,15,11,11/5/15,1,0,MI_TM,0
JH15MI0264,0,BAT,MI,11/5/15,hiber_earl,MYSE,2016,11.16129032,15,11,11/5/15,1,0,MI_TM,0
JH15MI0232,0,BAT,MI,11/5/15,hiber_earl,MYSE,2016,11.16129032,15,11,11/5/15,1,0,MI_TM,0
JH16MI0118,1,BAT,MI,3/5/16,hiber_late,MYSE,2016,15.16129032,16,3,3/5/16,1,0,MI_TM,4
JH15MI0247,0,BAT,MI,11/5/15,hiber_earl,MYSE,2016,11.16129032,15,11,11/5/15,1,0,MI_TM,0
JH16MI0113,1,BAT,MI,3/5/16,hiber_late,MYSE,2016,15.16129032,16,3,3/5/16,1,0,MI_TM,4
JH15MI0233,0,BAT,MI,11/5/15,hiber_earl,MYSE,2016,11.16129032,15,11,11/5/15,1,0,MI_TM,0
JH15MI0230,0,BAT,MI,11/5/15,hiber_earl,MYSE,2016,11.16129032,15,11,11/5/15,1,0,MI_TM,0
JH16MI0115,1,BAT,MI,3/5/16,hiber_late,MYSE,2016,15.16129032,16,3,3/5/16,1,0,MI_TM,4
JH15MI0107,0,BAT,MI,2/25/15,hiber_late,PESU,2015,14.80645161,15,2,2/25/15,1,0,MI_BC,3.64516129
JH15MI0105,0,BAT,MI,2/25/15,hiber_late,PESU,2015,14.80645161,15,2,2/25/15,1,0,MI_BC,3.64516129
KL16WI0595,0,BAT,WI,11/15/16,hiber_earl,PESU,2017,11.48387097,16,11,11/15/16,1,0,WI_SP,0.322580645
KL16WI0582,0,BAT,WI,11/15/16,hiber_earl,PESU,2017,11.48387097,16,11,11/15/16,1,0,WI_SP,0.322580645
KL16WI0587,0,BAT,WI,11/15/16,hiber_earl,PESU,2017,11.48387097,16,11,11/15/16,1,0,WI_SP,0.322580645
KL16WI0589,0,BAT,WI,11/15/16,hiber_earl,PESU,2017,11.48387097,16,11,11/15/16,1,0,WI_SP,0.322580645
KL16WI0586,0,BAT,WI,11/15/16,hiber_earl,PESU,2017,11.48387097,16,11,11/15/16,1,0,WI_SP,0.322580645
KL17WI0106,0,BAT,WI,3/6/17,hiber_late,PESU,2017,15.19354839,17,3,3/6/17,1,0,WI_SP,4.032258065
KL16WI0591,0,BAT,WI,11/15/16,hiber_earl,PESU,2017,11.48387097,16,11,11/15/16,1,0,WI_SP,0.322580645
KL16WI0578,0,BAT,WI,11/15/16,hiber_earl,PESU,2017,11.48387097,16,11,11/15/16,1,0,WI_SP,0.322580645
KL16WI0590,0,BAT,WI,11/15/16,hiber_earl,PESU,2017,11.48387097,16,11,11/15/16,1,0,WI_SP,0.322580645
KL16WI0580,1,BAT,WI,11/15/16,hiber_earl,PESU,2017,11.48387097,16,11,11/15/16,1,0,WI_SP,0.322580645
KL16WI0604,0,BAT,WI,11/15/16,hiber_earl,PESU,2017,11.48387097,16,11,11/15/16,1,0,WI_SP,0.322580645
KL17WI0105,0,BAT,WI,3/6/17,hiber_late,PESU,2017,15.19354839,17,3,3/6/17,1,0,WI_SP,4.032258065
KL17WI0103,0,BAT,WI,3/6/17,hiber_late,PESU,2017,15.19354839,17,3,3/6/17,1,0,WI_SP,4.032258065
KL17WI0102,1,BAT,WI,3/6/17,hiber_late,PESU,2017,15.19354839,17,3,3/6/17,1,0,WI_SP,4.032258065
KL17WI0104,0,BAT,WI,3/6/17,hiber_late,PESU,2017,15.19354839,17,3,3/6/17,1,0,WI_SP,4.032258065
KL16WI0579,0,BAT,WI,11/15/16,hiber_earl,PESU,2017,11.48387097,16,11,11/15/16,1,0,WI_SP,0.322580645
KL16WI0627,0,BAT,WI,11/15/16,hiber_earl,PESU,2017,11.48387097,16,11,11/15/16,1,0,WI_SP,0.322580645
KL16WI0600,0,BAT,WI,11/15/16,hiber_earl,PESU,2017,11.48387097,16,11,11/15/16,1,0,WI_SP,0.322580645
KL16WI0605,0,BAT,WI,11/15/16,hiber_earl,PESU,2017,11.48387097,16,11,11/15/16,1,0,WI_SP,0.322580645
KL16WI0606,0,BAT,WI,11/15/16,hiber_earl,PESU,2017,11.48387097,16,11,11/15/16,1,0,WI_SP,0.322580645
KL17WI0117,0,BAT,WI,3/6/17,hiber_late,PESU,2017,15.19354839,17,3,3/6/17,1,0,WI_SP,4.032258065
KL17WI0093,1,BAT,WI,3/6/17,hiber_late,PESU,2017,15.19354839,17,3,3/6/17,1,0,WI_SP,4.032258065
KL16WI0626,0,BAT,WI,11/15/16,hiber_earl,PESU,2017,11.48387097,16,11,11/15/16,1,0,WI_SP,0.322580645
KL17WI0116,0,BAT,WI,3/6/17,hiber_late,PESU,2017,15.19354839,17,3,3/6/17,1,0,WI_SP,4.032258065
KL16WI0625,0,BAT,WI,11/15/16,hiber_earl,PESU,2017,11.48387097,16,11,11/15/16,1,0,WI_SP,0.322580645
KL17WI0111,0,BAT,WI,3/6/17,hiber_late,PESU,2017,15.19354839,17,3,3/6/17,1,0,WI_SP,4.032258065
KL17WI0113,0,BAT,WI,3/6/17,hiber_late,PESU,2017,15.19354839,17,3,3/6/17,1,0,WI_SP,4.032258065
KL17WI0090,0,BAT,WI,3/6/17,hiber_late,PESU,2017,15.19354839,17,3,3/6/17,1,0,WI_SP,4.032258065
KL17WI0092,0,BAT,WI,3/6/17,hiber_late,PESU,2017,15.19354839,17,3,3/6/17,1,0,WI_SP,4.032258065
KL17WI0114,0,BAT,WI,3/6/17,hiber_late,PESU,2017,15.19354839,17,3,3/6/17,1,0,WI_SP,4.032258065
KL17WI0128,1,BAT,WI,3/6/17,hiber_late,PESU,2017,15.19354839,17,3,3/6/17,1,0,WI_SP,4.032258065
KL17WI0100,0,BAT,WI,3/6/17,hiber_late,PESU,2017,15.19354839,17,3,3/6/17,1,0,WI_SP,4.032258065
KL16WI0622,0,BAT,WI,11/15/16,hiber_earl,PESU,2017,11.48387097,16,11,11/15/16,1,0,WI_SP,0.322580645
KL17WI0119,0,BAT,WI,3/6/17,hiber_late,PESU,2017,15.19354839,17,3,3/6/17,1,0,WI_SP,4.032258065
KL16WI0621,0,BAT,WI,11/15/16,hiber_earl,PESU,2017,11.48387097,16,11,11/15/16,1,0,WI_SP,0.322580645
KL17WI0120,0,BAT,WI,3/6/17,hiber_late,PESU,2017,15.19354839,17,3,3/6/17,1,0,WI_SP,4.032258065
KL17WI0127,0,BAT,WI,3/6/17,hiber_late,PESU,2017,15.19354839,17,3,3/6/17,1,0,WI_SP,4.032258065
KL17WI0124,0,BAT,WI,3/6/17,hiber_late,PESU,2017,15.19354839,17,3,3/6/17,1,0,WI_SP,4.032258065
KL16WI0620,0,BAT,WI,11/15/16,hiber_earl,PESU,2017,11.48387097,16,11,11/15/16,1,0,WI_SP,0.322580645
KL17WI0134,0,BAT,WI,3/6/17,hiber_late,PESU,2017,15.19354839,17,3,3/6/17,1,0,WI_SP,4.032258065
KL17WI0135,0,BAT,WI,3/6/17,hiber_late,PESU,2017,15.19354839,17,3,3/6/17,1,0,WI_SP,4.032258065
KL17WI0136,0,BAT,WI,3/6/17,hiber_late,PESU,2017,15.19354839,17,3,3/6/17,1,0,WI_SP,4.032258065
KL17WI0123,1,BAT,WI,3/6/17,hiber_late,PESU,2017,15.19354839,17,3,3/6/17,1,0,WI_SP,4.032258065
KL17WI0137,0,BAT,WI,3/6/17,hiber_late,PESU,2017,15.19354839,17,3,3/6/17,1,0,WI_SP,4.032258065
KL17WI0133,1,BAT,WI,3/6/17,hiber_late,PESU,2017,15.19354839,17,3,3/6/17,1,0,WI_SP,4.032258065
KL17WI0122,0,BAT,WI,3/6/17,hiber_late,PESU,2017,15.19354839,17,3,3/6/17,1,0,WI_SP,4.032258065
KL17WI0139,0,BAT,WI,3/6/17,hiber_late,PESU,2017,15.19354839,17,3,3/6/17,1,0,WI_SP,4.032258065
KL15WI0444,0,BAT,WI,3/11/15,hiber_late,PESU,2015,15.35483871,15,3,3/11/15,1,0,WI_SJ,4.193548387
KL15WI0443,0,BAT,WI,3/11/15,hiber_late,PESU,2015,15.35483871,15,3,3/11/15,1,0,WI_SJ,4.193548387
KL14WI1061,0,BAT,WI,11/17/14,hiber_earl,PESU,2015,11.5483871,14,11,11/17/14,1,0,WI_SJ,0.387096774
KL14WI1032,0,BAT,WI,11/17/14,hiber_earl,PESU,2015,11.5483871,14,11,11/17/14,1,0,WI_SJ,0.387096774
KL14WI1060,0,BAT,WI,11/17/14,hiber_earl,PESU,2015,11.5483871,14,11,11/17/14,1,0,WI_SJ,0.387096774
KL14WI1059,0,BAT,WI,11/17/14,hiber_earl,PESU,2015,11.5483871,14,11,11/17/14,1,0,WI_SJ,0.387096774
KL14WI1050,0,BAT,WI,11/17/14,hiber_earl,PESU,2015,11.5483871,14,11,11/17/14,1,0,WI_SJ,0.387096774
KL15WI0434,0,BAT,WI,3/11/15,hiber_late,PESU,2015,15.35483871,15,3,3/11/15,1,0,WI_SJ,4.193548387
KL15WI0412,0,BAT,WI,3/11/15,hiber_late,PESU,2015,15.35483871,15,3,3/11/15,1,0,WI_SJ,4.193548387
KL15WI0432,0,BAT,WI,3/11/15,hiber_late,PESU,2015,15.35483871,15,3,3/11/15,1,0,WI_SJ,4.193548387
KL15WI0433,0,BAT,WI,3/11/15,hiber_late,PESU,2015,15.35483871,15,3,3/11/15,1,0,WI_SJ,4.193548387
KL14WI1033,0,BAT,WI,11/17/14,hiber_earl,PESU,2015,11.5483871,14,11,11/17/14,1,0,WI_SJ,0.387096774
KL14WI1063,0,BAT,WI,11/17/14,hiber_earl,PESU,2015,11.5483871,14,11,11/17/14,1,0,WI_SJ,0.387096774
KL15WI0431,0,BAT,WI,3/11/15,hiber_late,PESU,2015,15.35483871,15,3,3/11/15,1,0,WI_SJ,4.193548387
KL14WI1039,0,BAT,WI,11/17/14,hiber_earl,PESU,2015,11.5483871,14,11,11/17/14,1,0,WI_SJ,0.387096774
KL15WI0429,0,BAT,WI,3/11/15,hiber_late,PESU,2015,15.35483871,15,3,3/11/15,1,0,WI_SJ,4.193548387
KL14WI1043,0,BAT,WI,11/17/14,hiber_earl,PESU,2015,11.5483871,14,11,11/17/14,1,0,WI_SJ,0.387096774
KL15WI0420,0,BAT,WI,3/11/15,hiber_late,PESU,2015,15.35483871,15,3,3/11/15,1,0,WI_SJ,4.193548387
KL15WI0425,0,BAT,WI,3/11/15,hiber_late,PESU,2015,15.35483871,15,3,3/11/15,1,0,WI_SJ,4.193548387
KL14WI1064,0,BAT,WI,11/17/14,hiber_earl,PESU,2015,11.5483871,14,11,11/17/14,1,0,WI_SJ,0.387096774
KL14WI1041,0,BAT,WI,11/17/14,hiber_earl,PESU,2015,11.5483871,14,11,11/17/14,1,0,WI_SJ,0.387096774
KL14WI1065,0,BAT,WI,11/17/14,hiber_earl,PESU,2015,11.5483871,14,11,11/17/14,1,0,WI_SJ,0.387096774
KL15WI0423,0,BAT,WI,3/11/15,hiber_late,PESU,2015,15.35483871,15,3,3/11/15,1,0,WI_SJ,4.193548387
KL14WI1042,0,BAT,WI,11/17/14,hiber_earl,PESU,2015,11.5483871,14,11,11/17/14,1,0,WI_SJ,0.387096774
KL15WI0424,0,BAT,WI,3/11/15,hiber_late,PESU,2015,15.35483871,15,3,3/11/15,1,0,WI_SJ,4.193548387
KL14WI692,0,BAT,WI,11/8/14,hiber_earl,PESU,2015,11.25806452,14,11,11/8/14,1,0,WI_ST,0.096774194
KL15WI0108,1,BAT,WI,3/4/15,hiber_late,PESU,2015,15.12903226,15,3,3/4/15,1,0,WI_ST,3.967741935
KL15WI0110,1,BAT,WI,3/4/15,hiber_late,PESU,2015,15.12903226,15,3,3/4/15,1,0,WI_ST,3.967741935
KL15WI0113,1,BAT,WI,3/4/15,hiber_late,PESU,2015,15.12903226,15,3,3/4/15,1,0,WI_ST,3.967741935
KL14WI687,0,BAT,WI,11/8/14,hiber_earl,PESU,2015,11.25806452,14,11,11/8/14,1,0,WI_ST,0.096774194
KL14WI685,0,BAT,WI,11/8/14,hiber_earl,PESU,2015,11.25806452,14,11,11/8/14,1,0,WI_ST,0.096774194
KL14WI691,0,BAT,WI,11/8/14,hiber_earl,PESU,2015,11.25806452,14,11,11/8/14,1,0,WI_ST,0.096774194
KL15WI0107,1,BAT,WI,3/4/15,hiber_late,PESU,2015,15.12903226,15,3,3/4/15,1,0,WI_ST,3.967741935
KL15WI0112,1,BAT,WI,3/4/15,hiber_late,PESU,2015,15.12903226,15,3,3/4/15,1,0,WI_ST,3.967741935
KL14WI681,0,BAT,WI,11/8/14,hiber_earl,PESU,2015,11.25806452,14,11,11/8/14,1,0,WI_ST,0.096774194
KL15WI0109,1,BAT,WI,3/4/15,hiber_late,PESU,2015,15.12903226,15,3,3/4/15,1,0,WI_ST,3.967741935
KL14WI690,0,BAT,WI,11/8/14,hiber_earl,PESU,2015,11.25806452,14,11,11/8/14,1,0,WI_ST,0.096774194
KL15WI0111,0,BAT,WI,3/4/15,hiber_late,PESU,2015,15.12903226,15,3,3/4/15,1,0,WI_ST,3.967741935
KL14WI680,0,BAT,WI,11/8/14,hiber_earl,PESU,2015,11.25806452,14,11,11/8/14,1,0,WI_ST,0.096774194
KL15WI0115,1,BAT,WI,3/4/15,hiber_late,PESU,2015,15.12903226,15,3,3/4/15,1,0,WI_ST,3.967741935
KL14WI689,0,BAT,WI,11/8/14,hiber_earl,PESU,2015,11.25806452,14,11,11/8/14,1,0,WI_ST,0.096774194
KL15WI0114,1,BAT,WI,3/4/15,hiber_late,PESU,2015,15.12903226,15,3,3/4/15,1,0,WI_ST,3.967741935
KL15WI0116,0,BAT,WI,3/4/15,hiber_late,PESU,2015,15.12903226,15,3,3/4/15,1,0,WI_ST,3.967741935
KL14WI675,0,BAT,WI,11/8/14,hiber_earl,PESU,2015,11.25806452,14,11,11/8/14,1,0,WI_ST,0.096774194
KL14WI678,0,BAT,WI,11/8/14,hiber_earl,PESU,2015,11.25806452,14,11,11/8/14,1,0,WI_ST,0.096774194
KL14WI679,0,BAT,WI,11/8/14,hiber_earl,PESU,2015,11.25806452,14,11,11/8/14,1,0,WI_ST,0.096774194
KL15WI0117,1,BAT,WI,3/4/15,hiber_late,PESU,2015,15.12903226,15,3,3/4/15,1,0,WI_ST,3.967741935
KL15WI0464,0,BAT,WI,3/11/15,hiber_late,PESU,2015,15.35483871,15,3,3/11/15,1,0,WI_SB,4.193548387
KL14WI1102,1,BAT,WI,11/17/14,hiber_earl,PESU,2015,11.5483871,14,11,11/17/14,1,0,WI_SB,0.387096774
KL14WI1110,0,BAT,WI,11/17/14,hiber_earl,PESU,2015,11.5483871,14,11,11/17/14,1,0,WI_SB,0.387096774
KL14WI1108,0,BAT,WI,11/17/14,hiber_earl,PESU,2015,11.5483871,14,11,11/17/14,1,0,WI_SB,0.387096774
KL14WI1112,0,BAT,WI,11/17/14,hiber_earl,PESU,2015,11.5483871,14,11,11/17/14,1,0,WI_SB,0.387096774
KL15WI0498,0,BAT,WI,3/11/15,hiber_late,PESU,2015,15.35483871,15,3,3/11/15,1,0,WI_SB,4.193548387
KL15WI0495,0,BAT,WI,3/11/15,hiber_late,PESU,2015,15.35483871,15,3,3/11/15,1,0,WI_SB,4.193548387
KL14WI1094,0,BAT,WI,11/17/14,hiber_earl,PESU,2015,11.5483871,14,11,11/17/14,1,0,WI_SB,0.387096774
KL14WI1096,0,BAT,WI,11/17/14,hiber_earl,PESU,2015,11.5483871,14,11,11/17/14,1,0,WI_SB,0.387096774
KL14WI1101,0,BAT,WI,11/17/14,hiber_earl,PESU,2015,11.5483871,14,11,11/17/14,1,0,WI_SB,0.387096774
KL14WI1103,0,BAT,WI,11/17/14,hiber_earl,PESU,2015,11.5483871,14,11,11/17/14,1,0,WI_SB,0.387096774
KL14WI1100,0,BAT,WI,11/17/14,hiber_earl,PESU,2015,11.5483871,14,11,11/17/14,1,0,WI_SB,0.387096774
KL14WI1104,0,BAT,WI,11/17/14,hiber_earl,PESU,2015,11.5483871,14,11,11/17/14,1,0,WI_SB,0.387096774
KL15WI0494,1,BAT,WI,3/11/15,hiber_late,PESU,2015,15.35483871,15,3,3/11/15,1,0,WI_SB,4.193548387
KL15WI0499,0,BAT,WI,3/11/15,hiber_late,PESU,2015,15.35483871,15,3,3/11/15,1,0,WI_SB,4.193548387
KL15WI0465,0,BAT,WI,3/11/15,hiber_late,PESU,2015,15.35483871,15,3,3/11/15,1,0,WI_SB,4.193548387
KL15WI0496,0,BAT,WI,3/11/15,hiber_late,PESU,2015,15.35483871,15,3,3/11/15,1,0,WI_SB,4.193548387
KL15WI0493,0,BAT,WI,3/11/15,hiber_late,PESU,2015,15.35483871,15,3,3/11/15,1,0,WI_SB,4.193548387
KL15WI0497,1,BAT,WI,3/11/15,hiber_late,PESU,2015,15.35483871,15,3,3/11/15,1,0,WI_SB,4.193548387
KL15WI0492,0,BAT,WI,3/11/15,hiber_late,PESU,2015,15.35483871,15,3,3/11/15,1,0,WI_SB,4.193548387
KL15WI0488,0,BAT,WI,3/11/15,hiber_late,PESU,2015,15.35483871,15,3,3/11/15,1,0,WI_SB,4.193548387
KL15WI0490,0,BAT,WI,3/11/15,hiber_late,PESU,2015,15.35483871,15,3,3/11/15,1,0,WI_SB,4.193548387
KL15WI0489,0,BAT,WI,3/11/15,hiber_late,PESU,2015,15.35483871,15,3,3/11/15,1,0,WI_SB,4.193548387
KL15WI0486,0,BAT,WI,3/11/15,hiber_late,PESU,2015,15.35483871,15,3,3/11/15,1,0,WI_SB,4.193548387
KL15WI0487,0,BAT,WI,3/11/15,hiber_late,PESU,2015,15.35483871,15,3,3/11/15,1,0,WI_SB,4.193548387
KL15WI0491,0,BAT,WI,3/11/15,hiber_late,PESU,2015,15.35483871,15,3,3/11/15,1,0,WI_SB,4.193548387
KL15WI0482,0,BAT,WI,3/11/15,hiber_late,PESU,2015,15.35483871,15,3,3/11/15,1,0,WI_SB,4.193548387
KL15WI0483,0,BAT,WI,3/11/15,hiber_late,PESU,2015,15.35483871,15,3,3/11/15,1,0,WI_SB,4.193548387
KL15WI0481,0,BAT,WI,3/11/15,hiber_late,PESU,2015,15.35483871,15,3,3/11/15,1,0,WI_SB,4.193548387